{"accuracy": 0.9666666666666667, "f1_macro": 0.9665831244778612}